{
 "mesh": {
  "6": {
   "s21_db": -5.425747605038045,
   "s11_db": -27.923057031833117,
   "mesh_accuracy": 1
  },
  "10": {
   "s21_db": -5.652467985963039,
   "s11_db": -27.303836285455155,
   "mesh_accuracy": 2
  },
  "14": {
   "s21_db": -5.627976429298469,
   "s11_db": -27.662775909713613,
   "mesh_accuracy": 3
  },
  "18": {
   "s21_db": -5.618166372740054,
   "s11_db": -27.771494363697204,
   "mesh_accuracy": 4
  },
  "22": {
   "s21_db": -5.632511734721202,
   "s11_db": -27.691253348530722,
   "mesh_accuracy": 5
  }
 }
}
