{
  "device": "sbend_dontfabme",
  "wavelength_um": 1.55,
  "engine": "tidy3d",
  "version": "2.11.2",
  "quantity": "|S|^2 in dB at 1.55um",
  "mesh": {
    "6": {
      "s21_db": -6.025898684314448,
      "s11_db": -28.887439146017414
    },
    "8": {
      "s21_db": -5.852373901874593,
      "s11_db": -28.48356727760642
    },
    "10": {
      "s21_db": -5.726332435607024,
      "s11_db": -28.272743902777897
    },
    "12": {
      "s21_db": -5.718321654354445,
      "s11_db": -27.915594422137637
    },
    "16": {
      "s21_db": -5.6664613976458,
      "s11_db": -27.762455722497013
    },
    "20": {
      "s21_db": -5.654216934524071,
      "s11_db": -27.458811309903584
    },
    "25": {
      "s21_db": -5.6354378387481905,
      "s11_db": -27.586501280764637
    }
  }
}
