{
  "device": "sbend_dontfabme",
  "wavelength_um": 1.55,
  "engine": "beamz",
  "version": "0.4.3",
  "quantity": "|S|^2 in dB at 1.55um",
  "mesh": {
    "3": {
      "s21_db": -4.631512433943797,
      "s11_db": -24.740872731995943
    },
    "4": {
      "s21_db": -4.39307536482664,
      "s11_db": -30.164811933713388
    },
    "6": {
      "s21_db": -2.7012114696335185,
      "s11_db": -37.3161591026114
    },
    "8": {
      "s21_db": -4.680138433006063,
      "s11_db": -25.565181727446205
    },
    "10": {
      "s21_db": -2.9105467366377176,
      "s11_db": -23.584645758053824
    },
    "12": {
      "s21_db": -2.912956659064396,
      "s11_db": -26.620903088065052
    },
    "16": {
      "s21_db": -2.6614808378963546,
      "s11_db": -24.127459927922793
    },
    "20": {
      "s21_db": -1.9903238824638887,
      "s11_db": -24.983543826870992
    }
  }
}
